Title,Subject Description,Course Number,Section,Hours,CRN,Term,Instructor,Campus,Status,Schedule Type,Attribute
Intro To Info Security,Computer Science,6035,O01,3,84244,Fall 2026,"Lee, Wenke (Primary)",Online,"404 of 750 seats remain.
999 of 999 waitlist seats remain.",Lecture*,
Graduate Intro to OS,Computer Science,6200,O01,3,85340,Fall 2026,"Gavrilovska, Ada (Primary)",Online,"634 of 1150 seats remain.
999 of 999 waitlist seats remain.",Lecture*,
Adv Operating Systems,Computer Science,6210,O01,3,83927,Fall 2026,"Ramachandran, Umakishore (Primary)",Online,"109 of 475 seats remain.
999 of 999 waitlist seats remain.",Lecture*,
Sys Design Cloud Comput,Computer Science,6211,O01,3,89665,Fall 2026,"Ramachandran, Umakishore (Primary)",Online,"50 of 75 seats remain.
999 of 999 waitlist seats remain.",Lecture*,
Secure Computer Systems,Computer Science,6238,O01,3,86006,Fall 2026,"Ahamad, Mustaque (Primary)",Online,"89 of 100 seats remain.
999 of 999 waitlist seats remain.",Lecture*,
Computer Networks,Computer Science,6250,O01,3,83928,Fall 2026,"Konte, Maria (Primary)",Online,"29 of 700 seats remain.
790 of 999 waitlist seats remain.Open Seats Reserved for Waitlisted Only.",Lecture*,
Applied Cryptography,Computer Science,6260,O01,3,87076,Fall 2026,"Boldyreva, Alexandra (Primary)",Online,"131 of 150 seats remain.
100 of 100 waitlist seats remain.",Lecture*,
Cyber Incident Response,Computer Science,6261,O01,3,91357,Fall 2026,"Lummis, Jimmy (Primary)",Online,"3 of 50 seats remain.
6 of 100 waitlist seats remain.Open Seats Reserved for Waitlisted Only.",Lecture*,
Network Security,Computer Science,6262,O01,3,84604,Fall 2026,"Lee, Wenke (Primary)",Online,"168 of 300 seats remain.
999 of 999 waitlist seats remain.",Lecture*,
Intro Cyber Phys Sys Sec,Computer Science,6263,O01,3,85399,Fall 2026,"Zonouz, Saman (Primary)",Online,"184 of 225 seats remain.
999 of 999 waitlist seats remain.",Lecture*,
Infosec Labs: Defenses,Computer Science,6264,O01,3,87937,Fall 2026,"Lee, Wenke (Primary)",Online,"38 of 50 seats remain.
50 of 50 waitlist seats remain.",Lecture*,Isolate Course in Canvas
Info Sec Lab Binexp,Computer Science,6265,O01,3,86133,Fall 2026,"Kim, Taesoo (Primary)",Online,"11 of 50 seats remain.
999 of 999 waitlist seats remain.",Lecture*,
High Perform Comput Arch,Computer Science,6290,O01,3,83931,Fall 2026,"Prvulovic, Milos (Primary)",Online,"8 of 300 seats remain.
964 of 999 waitlist seats remain.Open Seats Reserved for Waitlisted Only.",Lecture*,
Embedded Software Opt.,Computer Science,6291,O01,3,85341,Fall 2026,"Pande, Santosh (Primary)",Online,"118 of 150 seats remain.
999 of 999 waitlist seats remain.",Lecture*,
Software Dev Process,Computer Science,6300,O01,3,83929,Fall 2026,"Manning, Ben (Primary)
Spoletini, Paola",Online,"1 of 1000 seats remain.
87 of 999 waitlist seats remain.Open Seats Reserved for Waitlisted Only.",Lecture*,No-cost req'd textbooks
Software Arch & Design,Computer Science,6310,O01,3,83932,Fall 2026,"Moss, Mark (Primary)",Online,"402 of 600 seats remain.
999 of 999 waitlist seats remain.",Lecture*,No-cost req'd textbooks
Software Analysis & Test,Computer Science,6340,O01,3,84600,Fall 2026,"Poch, Chris
Naik, Mayur (Primary)",Online,"239 of 400 seats remain.
999 of 999 waitlist seats remain.",Lecture*,"Isolate Course in Canvas

No-cost req'd textbooks"
DB Sys Concepts& Design,Computer Science,6400,O01,3,84601,Fall 2026,"Mark, Leo (Primary)",Online,"528 of 700 seats remain.
999 of 999 waitlist seats remain.",Lecture*,
Database System Implemnt,Computer Science,6422,O01,3,93018,Fall 2026,"Arulraj, Joy James Prabhu (Primary)",Online,"9 of 150 seats remain.
968 of 999 waitlist seats remain.Open Seats Reserved for Waitlisted Only.",Lecture*,
Digital Health Equity,Computer Science,6435,O01,3,91324,Fall 2026,"Parker, Andrea (Primary)",Online,"9 of 150 seats remain.
931 of 999 waitlist seats remain.Open Seats Reserved for Waitlisted Only.",Lecture*,No-cost req'd textbooks
Intro Health Informatics,Computer Science,6440,O01,3,83933,Fall 2026,"Duke, Jon (Primary)",Online,"20 of 450 seats remain.
856 of 999 waitlist seats remain.Open Seats Reserved for Waitlisted Only.",Lecture*,
Video Game Design,Computer Science,6457,O01,3,87367,Fall 2026,"Wilson, Jeff (Primary)",Online,"306 of 500 seats remain.
999 of 999 waitlist seats remain.",Lecture*,
Educ Tech-Foundations,Computer Science,6460,O01,3,84342,Fall 2026,"Joyner, David (Primary)",Online,"3 of 200 seats remain.
999 of 999 waitlist seats remain.",Lecture*,
Comp. Photography,Computer Science,6475,O01,3,84243,Fall 2026,"Essa, Irfan (Primary)",Online,"149 of 200 seats remain.
999 of 999 waitlist seats remain.",Lecture*,
Computer Vision,Computer Science,6476,O01,3,84338,Fall 2026,"Essa, Irfan (Primary)
Shi, Honghui",Online,"185 of 450 seats remain.
999 of 999 waitlist seats remain.",Lecture*,
Computer Graphics,Computer Science,6491,O01,3,93014,Fall 2026,"Wilson, Jeff (Primary)",Online,"2 of 250 seats remain.
992 of 999 waitlist seats remain.Open Seats Reserved for Waitlisted Only.",Lecture*,
Intro to Grad Algorithms,Computer Science,6515,O01,3,86005,Fall 2026,"Brito, Gerandy (Primary)",Online,"11 of 200 seats remain.
478 of 999 waitlist seats remain.
Open Seats Reserved for Waitlisted Only.",Lecture*,
Artificial Intelligence,Computer Science,6601,O01,3,84602,Fall 2026,"Ploetz, Thomas (Primary)",Online,"467 of 1450 seats remain.
999 of 999 waitlist seats remain.",Lecture*,
AI Ethics Society,Computer Science,6603,O01,3,87912,Fall 2026,"Mandala, Mahender (Primary)",Online,"38 of 800 seats remain.
373 of 999 waitlist seats remain.Open Seats Reserved for Waitlisted Only.",Lecture*,
Advance Internet Comput,Computer Science,6675,O01,3,88594,Fall 2026,"Liu, Ling (Primary)",Online,"132 of 150 seats remain.
999 of 999 waitlist seats remain.",Lecture*,
ADV Malware Analysis,Computer Science,6747,O01,3,87911,Fall 2026,"Saltaformaggio, Brendan (Primary)",Online,"2 of 50 seats remain.
42 of 50 waitlist seats remain.Open Seats Reserved for Waitlisted Only.",Lecture*,
Human-Computer Interact,Computer Science,6750,O01,3,84732,Fall 2026,"Joyner, David (Primary)",Online,"695 of 1150 seats remain.
999 of 999 waitlist seats remain.",Lecture*,
Intro-Cognitive Science,Computer Science,6795,O01,3,88593,Fall 2026,"McGreggor, Brian (Primary)",Online,"8 of 750 seats remain.
875 of 999 waitlist seats remain.Open Seats Reserved for Waitlisted Only.",Lecture*,
Distributed Computing,Computer Science,7210,O01,3,87913,Fall 2026,"Gavrilovska, Ada (Primary)",Online,"10 of 150 seats remain.
977 of 999 waitlist seats remain.Open Seats Reserved for Waitlisted Only.",Lecture*,
Network Science,Computer Science,7280,O01,3,87914,Fall 2026,"Prakash, Bodicherla Aditya (Primary)",Online,"2 of 200 seats remain.
989 of 999 waitlist seats remain.Open Seats Reserved for Waitlisted Only.",Lecture*,
GPU HW and SW,Computer Science,7295,O01,3,94504,Fall 2026,"Kim, Hyesoon (Primary)",Online,"11 of 300 seats remain.
918 of 999 waitlist seats remain.Open Seats Reserved for Waitlisted Only.",Lecture*,
Intro Quantum Computing,Computer Science,7400,O01,3,91329,Fall 2026,"Qureshi, Moinuddin (Primary)",Online,"88 of 200 seats remain.
999 of 999 waitlist seats remain.",Lecture*,
Ubiquitous Computing,Computer Science,7470,O01,3,88595,Fall 2026,"Adams, Alexander (Primary)",Online,"15 of 300 seats remain.
999 of 999 waitlist seats remain.",Lecture*,
Computer Animation,Computer Science,7496,O01,3,93015,Fall 2026,"Ha, Sehoon (Primary)",Online,"62 of 150 seats remain.
999 of 999 waitlist seats remain.",Lecture*,
Game AI,Computer Science,7632,O01,3,87915,Fall 2026,"Wilson, Jeff (Primary)",Online,"22 of 700 seats remain.
832 of 999 waitlist seats remain.Open Seats Reserved for Waitlisted Only.",Lecture*,
Knowledge-Based AI,Computer Science,7637,O01,3,83934,Fall 2026,"Joyner, David (Primary)",Online,"345 of 1250 seats remain.
999 of 999 waitlist seats remain.",Lecture*,
Robotics: AI Techniques,Computer Science,7638,O01,3,86044,Fall 2026,"Summet, Jay (Primary)",Online,"454 of 900 seats remain.
999 of 999 waitlist seats remain.",Lecture*,
Cyber Physical Design,Computer Science,7639,O01,3,85990,Fall 2026,"Feron, Eric (Primary)",Online,"58 of 100 seats remain.
999 of 999 waitlist seats remain.",Lecture*,
Machine Learning,Computer Science,7641,O01,3,83930,Fall 2026,"LaGrow, TJ (Primary)",Online,"388 of 1450 seats remain.
999 of 999 waitlist seats remain.",Lecture*,
Reinforcement Learning,Computer Science,7642,O01,3,87916,Fall 2026,"Borela Valente, Rodrigo (Primary)",Online,"259 of 550 seats remain.
999 of 999 waitlist seats remain.",Lecture*,
Deep Learning,Computer Science,7643,O01,3,87422,Fall 2026,"Kira, Zsolt (Primary)",Online,"38 of 850 seats remain.
999 of 999 waitlist seats remain.",Lecture*,
Mach Learn For Trading,Computer Science,7646,O01,3,84716,Fall 2026,"Joyner, David (Primary)",Online,"1196 of 1700 seats remain.
999 of 999 waitlist seats remain.",Lecture*,
Natural Language,Computer Science,7650,O01,3,89627,Fall 2026,"Riedl, Mark (Primary)",Online,"62 of 850 seats remain.
296 of 999 waitlist seats remain.Open Seats Reserved for Waitlisted Only.",Lecture*,
Compilers - Theory & Practice,Computer Science,8803,O08,3,85020,Fall 2026,"Pande, Santosh (Primary)",Online,"49 of 100 seats remain.
999 of 999 waitlist seats remain.",Lecture*,No-cost req'd textbooks
Introduction to Computer Law,Computer Science,8803,O15,3,88875,Fall 2026,"Huffman, Laura
Omojokun, Olufisayo (Primary)",Online,"8 of 150 seats remain.
727 of 999 waitlist seats remain.Open Seats Reserved for Waitlisted Only.",Lecture*,No-cost req'd textbooks
Global Entrepreneurship,Computer Science,8803,O17,3,88876,Fall 2026,"McGreggor, Brian (Primary)",Online,"11 of 150 seats remain.
963 of 999 waitlist seats remain.Open Seats Reserved for Waitlisted Only.",Lecture*,No-cost req'd textbooks
Quantum Hardware,Computer Science,8803,O20,3,93017,Fall 2026,"Khan, Asif (Primary)
Parker, Colin",Online,"22 of 50 seats remain.
999 of 999 waitlist seats remain.",Lecture*,
Modern Internet Res Methods,Computer Science,8803,O23,3,91495,Fall 2026,"Konte, Maria (Primary)",Online,"37 of 50 seats remain.
999 of 999 waitlist seats remain.",Lecture*,
Intro to Research,Computer Science,8803,O24,3,91496,Fall 2026,"Lytle, Nicholas (Primary)",Online,"3 of 100 seats remain.
986 of 999 waitlist seats remain.Open Seats Reserved for Waitlisted Only.",Lecture*,
Advanced Wireless Networks,Computer Science,8803,O25,3,95428,Fall 2026,,Online,"9 of 50 seats remain.
999 of 999 waitlist seats remain.",Lecture*,
Comp Graphics in the AI Era,Computer Science,8803,O27,3,95194,Fall 2026,"Zhu, Bo (Primary)",Online,"14 of 150 seats remain.
999 of 999 waitlist seats remain.",Lecture*,
Health Sensing & Interventions,Computer Science,8803,O29,3,95198,Fall 2026,"Adams, Alexander (Primary)",Online,"71 of 150 seats remain.
999 of 999 waitlist seats remain.",Lecture*,
Cybersecurity of Drones,Computer Science,8803,O31,3,95193,Fall 2026,"Zonouz, Saman (Primary)",Online,"12 of 50 seats remain.
999 of 999 waitlist seats remain.",Lecture*,
Optimization Algorithms in Hardware,Computer Science,8001,OAH,1,95464,Fall 2026,"Rusch, Ana (Primary)",Online,"999 of 999 seats remain.
999 of 999 waitlist seats remain.",Seminar*,No-cost req'd textbooks
DB Sys Concepts& Design,Computer Science,6400,OAN,3,85142,Fall 2026,"Mark, Leo (Primary)",Online,"51 of 75 seats remain.
75 of 75 waitlist seats remain.",Lecture*,
Artificial Intelligence,Computer Science,6601,OAN,3,89582,Fall 2026,"Ploetz, Thomas (Primary)",Online,"9 of 50 seats remain.
75 of 75 waitlist seats remain.",Lecture*,
Human-Computer Interact,Computer Science,6750,OAN,3,89583,Fall 2026,"Joyner, David (Primary)",Online,"31 of 50 seats remain.
75 of 75 waitlist seats remain.",Lecture*,
Network Science,Computer Science,7280,OAN,3,89584,Fall 2026,"Prakash, Bodicherla Aditya (Primary)",Online,"25 of 50 seats remain.
75 of 75 waitlist seats remain.",Lecture*,
Knowledge-Based AI,Computer Science,7637,OAN,3,86167,Fall 2026,"Joyner, David (Primary)",Online,"18 of 50 seats remain.
75 of 75 waitlist seats remain.",Lecture*,
Reinforcement Learning,Computer Science,7642,OAN,3,89717,Fall 2026,"Borela Valente, Rodrigo (Primary)",Online,"36 of 50 seats remain.
75 of 75 waitlist seats remain.",Lecture*,
Deep Learning,Computer Science,7643,OAN,3,87903,Fall 2026,"Kira, Zsolt (Primary)",Online,"17 of 100 seats remain.
100 of 100 waitlist seats remain.",Lecture*,
Mach Learn For Trading,Computer Science,7646,OAN,3,86166,Fall 2026,"Joyner, David (Primary)",Online,"41 of 100 seats remain.
75 of 75 waitlist seats remain.",Lecture*,
Cyber Sec Practicum,Computer Science,6727,OCL,0,87117,Fall 2026,"Ahamad, Mustaque (Primary)",Online,"72 of 75 seats remain.
LINKED",Unsupervised Laboratory*,
Computing in Python,Computer Science,8001,OCS,1,95373,Fall 2026,"Joyner, David (Primary)",Online,"997 of 999 seats remain.
999 of 999 waitlist seats remain.",Seminar*,No-cost req'd textbooks
Collaborative Team Skills for Software Development,Computer Science,8001,OCT,1,95370,Fall 2026,"Rusch, Ana (Primary)",Online,"998 of 999 seats remain.
999 of 999 waitlist seats remain.",Seminar*,No-cost req'd textbooks
Intro To Info Security,Computer Science,6035,OCY,3,86057,Fall 2026,"Lee, Wenke (Primary)",Online,"20 of 450 seats remain.
75 of 75 waitlist seats remain.",Lecture*,
Adv Operating Systems,Computer Science,6210,OCY,3,86083,Fall 2026,"Ramachandran, Umakishore (Primary)",Online,"42 of 50 seats remain.
50 of 50 waitlist seats remain.",Lecture*,
Secure Computer Systems,Computer Science,6238,OCY,3,86081,Fall 2026,"Ahamad, Mustaque (Primary)",Online,"79 of 125 seats remain.
75 of 75 waitlist seats remain.",Lecture*,
Enterprise Cyber Mgt,Computer Science,6239,OCY,3,91355,Fall 2026,"Bailey, Michael (Primary)",Online,76 of 125 seats remain.,Lecture*,
Computer Networks,Computer Science,6250,OCY,3,88126,Fall 2026,"Konte, Maria (Primary)",Online,"53 of 75 seats remain.
75 of 75 waitlist seats remain.",Lecture*,
Applied Cryptography,Computer Science,6260,OCY,3,87152,Fall 2026,"Boldyreva, Alexandra (Primary)",Online,"5 of 125 seats remain.
75 of 75 waitlist seats remain.",Lecture*,
Cyber Incident Response,Computer Science,6261,OCY,3,91091,Fall 2026,"Lummis, Jimmy (Primary)",Online,"62 of 125 seats remain.
75 of 75 waitlist seats remain.",Lecture*,
Network Security,Computer Science,6262,OCY,3,86059,Fall 2026,"Lee, Wenke (Primary)",Online,"28 of 100 seats remain.
75 of 75 waitlist seats remain.",Lecture*,
Infosec Labs: Defenses,Computer Science,6264,OCY,3,87919,Fall 2026,"Lee, Wenke (Primary)",Online,"20 of 75 seats remain.
75 of 75 waitlist seats remain.",Lecture*,
Info Sec Lab Binexp,Computer Science,6265,OCY,3,86082,Fall 2026,"Kim, Taesoo (Primary)",Online,"70 of 100 seats remain.
75 of 75 waitlist seats remain.",Lecture*,
Software Dev Process,Computer Science,6300,OCY,3,86058,Fall 2026,"Manning, Ben (Primary)
Spoletini, Paola",Online,"9 of 25 seats remain.
75 of 75 waitlist seats remain.",Lecture*,No-cost req'd textbooks
DB Sys Concepts& Design,Computer Science,6400,OCY,3,86060,Fall 2026,"Mark, Leo (Primary)",Online,"21 of 25 seats remain.
75 of 75 waitlist seats remain.",Lecture*,
Cyber Sec Practicum,Computer Science,6727,OCY,5,87104,Fall 2026,"Ahamad, Mustaque (Primary)",Online,"72 of 75 seats remain.
LINKED",Lecture*,
ADV Malware Analysis,Computer Science,6747,OCY,3,87103,Fall 2026,"Saltaformaggio, Brendan (Primary)",Online,"33 of 50 seats remain.
50 of 50 waitlist seats remain.",Lecture*,
Human-Computer Interact,Computer Science,6750,OCY,3,86073,Fall 2026,"Joyner, David (Primary)",Online,"39 of 50 seats remain.
50 of 50 waitlist seats remain.",Lecture*,
Human Dimension of Cybersec,Computer Science,8803,OCY,3,95098,Fall 2026,"Shandler, Jonathan (Primary)",Online,"100 of 100 seats remain.
75 of 75 waitlist seats remain.",Lecture*,
Data Structures & Algorithms,Computer Science,8001,ODA,1,95374,Fall 2026,"Hudachek-Buswell, Mary (Primary)",Online,"135 of 150 seats remain.
999 of 999 waitlist seats remain.",Seminar*,No-cost req'd textbooks
CS Educators,Computer Science,8001,OED,1,95371,Fall 2026,"Rusch, Ana (Primary)",Online,"998 of 999 seats remain.
999 of 999 waitlist seats remain.",Seminar*,No-cost req'd textbooks
Global Entrepreneurship-Launch,Computer Science,8001,OGE,1,95369,Fall 2026,"McGreggor, Brian (Primary)",Online,"149 of 150 seats remain.
999 of 999 waitlist seats remain.",Seminar*,No-cost req'd textbooks
Deep Reinforcement Learning and Humanoid Robotics,Computer Science,8001,OHR,1,95377,Fall 2026,"Ha, Sehoon (Primary)",Online,"991 of 999 seats remain.
999 of 999 waitlist seats remain.",Seminar*,No-cost req'd textbooks
Living with Artificial Intelligence,Computer Science,8001,OLA,1,95380,Fall 2026,"Rusch, Ana (Primary)",Online,"998 of 999 seats remain.
999 of 999 waitlist seats remain.",Seminar*,No-cost req'd textbooks
The Language of Proofs,Computer Science,8001,OLP,1,95375,Fall 2026,"Brito, Gerandy (Primary)",Online,"159 of 175 seats remain.
999 of 999 waitlist seats remain.",Seminar*,No-cost req'd textbooks
"NeuroAI: Intelligence, Brains, and Machines",Computer Science,8001,ONA,1,95379,Fall 2026,"Rusch, Ana (Primary)",Online,"979 of 999 seats remain.
999 of 999 waitlist seats remain.",Seminar*,No-cost req'd textbooks
Introduction to Online Learning Success,Computer Science,8001,OOL,1,95372,Fall 2026,"Rusch, Ana (Primary)",Online,"24 of 25 seats remain.
999 of 999 waitlist seats remain.",Seminar*,No-cost req'd textbooks
Object-Oriented Programming in Java,Computer Science,8001,OOP,1,95376,Fall 2026,"Omojokun, Olufisayo (Primary)",Online,"74 of 75 seats remain.
999 of 999 waitlist seats remain.",Seminar*,No-cost req'd textbooks
Physical AI: Embodied Intelligence and Real-World Interaction,Computer Science,8001,OPA,1,95381,Fall 2026,"Manning, Ben (Primary)",Online,"976 of 999 seats remain.
999 of 999 waitlist seats remain.",Seminar*,No-cost req'd textbooks
PhD Applicants,Computer Science,8001,OPH,1,95378,Fall 2026,"Lytle, Nicholas (Primary)",Online,"988 of 999 seats remain.
999 of 999 waitlist seats remain.",Seminar*,No-cost req'd textbooks
"Language Models, Reasoning, and Agents",Computer Science,8001,ORA,1,95463,Fall 2026,"Rusch, Ana (Primary)",Online,"199 of 200 seats remain.
999 of 999 waitlist seats remain.",Seminar*,No-cost req'd textbooks
MGT & Leadership in CS,Computer Science,8803,ORO,3,93259,Fall 2026,"Shi, Breanna (Primary)",Online,16 of 40 seats remain.,Lecture*,